Archivo,Peso (KB),Algoritmo,CPU Encrypt (%),CPU Decrypt (%)
audio_001.mp3,25.85,AES,18.1,22.2
audio_001.mp3,25.85,3DES,3.8,4.1
audio_001.mp3,25.85,ChaCha20,8.1,12.8
audio_001.mp3,25.85,Camellia,12.5,29.5
audio_002.mp3,74.83,AES,10.5,4.7
audio_002.mp3,74.83,3DES,17.9,21.2
audio_002.mp3,74.83,ChaCha20,11.7,2.7
audio_002.mp3,74.83,Camellia,0,3.6
audio_003.mp3,123.19,AES,2.8,28.0
audio_003.mp3,123.19,3DES,4.8,3.7
audio_003.mp3,123.19,ChaCha20,5.3,10.0
audio_003.mp3,123.19,Camellia,8.3,5.0
audio_004.mp3,172.17,AES,14.9,2.9
audio_004.mp3,172.17,3DES,18.2,2.6
audio_004.mp3,172.17,ChaCha20,1.2,2.4
audio_004.mp3,172.17,Camellia,6.7,14.1
audio_005.mp3,220.54,AES,2.3,23.6
audio_005.mp3,220.54,3DES,17.1,15.2
audio_005.mp3,220.54,ChaCha20,4.5,2.7
audio_005.mp3,220.54,Camellia,15.6,5.3
audio_006.mp3,269.52,AES,20.0,10.0
audio_006.mp3,269.52,3DES,20.0,11.9
audio_006.mp3,269.52,ChaCha20,31.0,24.1
audio_006.mp3,269.52,Camellia,12.9,17.5
audio_007.mp3,318.50,AES,17.3,12.2
audio_007.mp3,318.50,3DES,6.0,13.2
audio_007.mp3,318.50,ChaCha20,13.0,3.8
audio_007.mp3,318.50,Camellia,16.4,6.1
audio_008.mp3,366.87,AES,5.5,1.4
audio_008.mp3,366.87,3DES,8.0,22.2
audio_008.mp3,366.87,ChaCha20,1.3,11.5
audio_008.mp3,366.87,Camellia,14.9,6.9
audio_009.mp3,415.85,AES,6.5,1.2
audio_009.mp3,415.85,3DES,8.1,13.2
audio_009.mp3,415.85,ChaCha20,6.3,13.4
audio_009.mp3,415.85,Camellia,33.3,4.9
audio_010.mp3,464.21,AES,2.4,27.7
audio_010.mp3,464.21,3DES,9.1,19.5
audio_010.mp3,464.21,ChaCha20,10.5,3.9
audio_010.mp3,464.21,Camellia,16.4,18.7
audio_011.mp3,513.19,AES,44.6,9.6
audio_011.mp3,513.19,3DES,34.0,32.2
audio_011.mp3,513.19,ChaCha20,10.8,20.8
audio_011.mp3,513.19,Camellia,9.3,13.7
audio_012.mp3,561.56,AES,49.3,24.3
audio_012.mp3,561.56,3DES,49.0,15.6
audio_012.mp3,561.56,ChaCha20,44.7,15.7
audio_012.mp3,561.56,Camellia,6.3,16.7
audio_013.mp3,610.54,AES,13.3,37.0
audio_013.mp3,610.54,3DES,30.7,13.5
audio_013.mp3,610.54,ChaCha20,2.8,6.9
audio_013.mp3,610.54,Camellia,20.8,7.1
audio_014.mp3,659.52,AES,3.9,5.4
audio_014.mp3,659.52,3DES,18.3,18.5
audio_014.mp3,659.52,ChaCha20,20.5,13.9
audio_014.mp3,659.52,Camellia,2.6,17.6
audio_015.mp3,707.89,AES,23.3,5.0
audio_015.mp3,707.89,3DES,28.1,25.8
audio_015.mp3,707.89,ChaCha20,1.3,1.4
audio_015.mp3,707.89,Camellia,17.8,5.1
audio_016.mp3,756.87,AES,8.3,20.8
audio_016.mp3,756.87,3DES,9.8,13.5
audio_016.mp3,756.87,ChaCha20,1.3,25.0
audio_016.mp3,756.87,Camellia,15.6,19.5
audio_017.mp3,805.23,AES,4.9,2.6
audio_017.mp3,805.23,3DES,18.5,49.3
audio_017.mp3,805.23,ChaCha20,10.4,13.9
audio_017.mp3,805.23,Camellia,44.4,19.5
audio_018.mp3,854.21,AES,26.0,15.3
audio_018.mp3,854.21,3DES,20.1,10.4
audio_018.mp3,854.21,ChaCha20,27.8,22.0
audio_018.mp3,854.21,Camellia,6.0,11.1
audio_019.mp3,902.58,AES,13.2,13.3
audio_019.mp3,902.58,3DES,16.2,26.2
audio_019.mp3,902.58,ChaCha20,6.7,22.2
audio_019.mp3,902.58,Camellia,27.5,17.9
audio_020.mp3,951.56,AES,6.0,2.5
audio_020.mp3,951.56,3DES,20.0,24.1
audio_020.mp3,951.56,ChaCha20,2.6,5.3
audio_020.mp3,951.56,Camellia,1.3,7.6
audio_021.mp3,999.93,AES,13.3,12.3
audio_021.mp3,999.93,3DES,28.2,22.5
audio_021.mp3,999.93,ChaCha20,16.9,13.7
audio_021.mp3,999.93,Camellia,17.8,5.2
audio_022.mp3,1048.91,AES,12.9,12.5
audio_022.mp3,1048.91,3DES,12.0,14.4
audio_022.mp3,1048.91,ChaCha20,5.8,1.2
audio_022.mp3,1048.91,Camellia,11.5,11.2
audio_023.mp3,1097.89,AES,46.1,9.7
audio_023.mp3,1097.89,3DES,15.4,12.6
audio_023.mp3,1097.89,ChaCha20,2.6,6.4
audio_023.mp3,1097.89,Camellia,6.9,8.9
audio_024.mp3,1146.25,AES,13.8,22.9
audio_024.mp3,1146.25,3DES,9.1,8.8
audio_024.mp3,1146.25,ChaCha20,33.3,0
audio_024.mp3,1146.25,Camellia,8.0,18.8
audio_025.mp3,1195.23,AES,9.1,16.2
audio_025.mp3,1195.23,3DES,10.2,13.2
audio_025.mp3,1195.23,ChaCha20,5.6,9.2
audio_025.mp3,1195.23,Camellia,6.0,8.1
audio_026.mp3,1243.60,AES,6.9,23.5
audio_026.mp3,1243.60,3DES,13.0,30.2
audio_026.mp3,1243.60,ChaCha20,27.5,3.9
audio_026.mp3,1243.60,Camellia,5.1,2.7
audio_027.mp3,1292.58,AES,12.3,8.2
audio_027.mp3,1292.58,3DES,18.2,14.9
audio_027.mp3,1292.58,ChaCha20,5.5,6.7
audio_027.mp3,1292.58,Camellia,17.6,2.6
audio_028.mp3,1340.95,AES,17.7,10.8
audio_028.mp3,1340.95,3DES,27.0,30.7
audio_028.mp3,1340.95,ChaCha20,16.2,14.5
audio_028.mp3,1340.95,Camellia,6.4,3.8
audio_029.mp3,1389.93,AES,1.2,11.5
audio_029.mp3,1389.93,3DES,21.2,14.3
audio_029.mp3,1389.93,ChaCha20,3.6,14.3
audio_029.mp3,1389.93,Camellia,8.0,7.4
audio_030.mp3,1438.91,AES,9.7,12.3
audio_030.mp3,1438.91,3DES,26.0,11.8
audio_030.mp3,1438.91,ChaCha20,13.0,18.8
audio_030.mp3,1438.91,Camellia,1.5,2.5
audio_031.mp3,1487.28,AES,6.7,15.5
audio_031.mp3,1487.28,3DES,15.6,18.6
audio_031.mp3,1487.28,ChaCha20,18.0,2.5
audio_031.mp3,1487.28,Camellia,2.7,3.5
audio_032.mp3,1536.25,AES,10.7,9.5
audio_032.mp3,1536.25,3DES,12.3,19.5
audio_032.mp3,1536.25,ChaCha20,4.0,1.3
audio_032.mp3,1536.25,Camellia,18.2,11.2
audio_033.mp3,1584.62,AES,7.3,5.0
audio_033.mp3,1584.62,3DES,8.2,13.3
audio_033.mp3,1584.62,ChaCha20,1.2,17.1
audio_033.mp3,1584.62,Camellia,2.6,17.7
audio_034.mp3,1633.60,AES,7.3,18.8
audio_034.mp3,1633.60,3DES,16.4,17.8
audio_034.mp3,1633.60,ChaCha20,11.7,1.4
audio_034.mp3,1633.60,Camellia,8.2,7.6
audio_035.mp3,1681.97,AES,5.3,16.0
audio_035.mp3,1681.97,3DES,34.6,19.8
audio_035.mp3,1681.97,ChaCha20,27.8,1.4
audio_035.mp3,1681.97,Camellia,4.1,16.7
audio_036.mp3,1730.95,AES,7.7,15.5
audio_036.mp3,1730.95,3DES,12.3,14.7
audio_036.mp3,1730.95,ChaCha20,8.4,25.9
audio_036.mp3,1730.95,Camellia,7.3,15.3
audio_037.mp3,1779.32,AES,5.3,0
audio_037.mp3,1779.32,3DES,16.6,15.4
audio_037.mp3,1779.32,ChaCha20,4.8,16.5
audio_037.mp3,1779.32,Camellia,5.4,7.7
audio_038.mp3,1828.30,AES,11.2,2.6
audio_038.mp3,1828.30,3DES,16.2,28.4
audio_038.mp3,1828.30,ChaCha20,28.2,8.3
audio_038.mp3,1828.30,Camellia,33.3,39.7
audio_039.mp3,1877.28,AES,14.3,4.1
audio_039.mp3,1877.28,3DES,19.1,10.9
audio_039.mp3,1877.28,ChaCha20,15.3,18.5
audio_039.mp3,1877.28,Camellia,2.6,6.6
audio_040.mp3,1925.64,AES,16.4,21.5
audio_040.mp3,1925.64,3DES,15.4,16.6
audio_040.mp3,1925.64,ChaCha20,6.2,1.3
audio_040.mp3,1925.64,Camellia,1.4,12.0
audio_041.mp3,1974.62,AES,19.3,4.2
audio_041.mp3,1974.62,3DES,15.9,10.0
audio_041.mp3,1974.62,ChaCha20,17.3,3.6
audio_041.mp3,1974.62,Camellia,29.1,5.1
audio_042.mp3,2022.99,AES,15.2,3.8
audio_042.mp3,2022.99,3DES,16.6,19.6
audio_042.mp3,2022.99,ChaCha20,0,12.7
audio_042.mp3,2022.99,Camellia,3.9,0
audio_043.mp3,2071.97,AES,15.7,5.3
audio_043.mp3,2071.97,3DES,13.5,9.1
audio_043.mp3,2071.97,ChaCha20,13.1,22.5
audio_043.mp3,2071.97,Camellia,19.5,4.4
audio_044.mp3,2120.34,AES,5.3,34.2
audio_044.mp3,2120.34,3DES,14.5,22.4
audio_044.mp3,2120.34,ChaCha20,1.4,2.6
audio_044.mp3,2120.34,Camellia,31.0,14.3
audio_045.mp3,2169.32,AES,2.8,3.4
audio_045.mp3,2169.32,3DES,16.3,28.9
audio_045.mp3,2169.32,ChaCha20,16.7,21.1
audio_045.mp3,2169.32,Camellia,1.3,1.3
audio_046.mp3,2218.30,AES,12.7,15.9
audio_046.mp3,2218.30,3DES,9.6,10.6
audio_046.mp3,2218.30,ChaCha20,16.3,12.7
audio_046.mp3,2218.30,Camellia,8.3,6.8
audio_047.mp3,2266.66,AES,45.3,12.0
audio_047.mp3,2266.66,3DES,18.9,16.0
audio_047.mp3,2266.66,ChaCha20,6.6,10.4
audio_047.mp3,2266.66,Camellia,14.3,10.7
audio_048.mp3,2315.64,AES,0,2.5
audio_048.mp3,2315.64,3DES,15.4,17.3
audio_048.mp3,2315.64,ChaCha20,2.6,8.8
audio_048.mp3,2315.64,Camellia,7.1,50.0
audio_049.mp3,2364.01,AES,0,17.9
audio_049.mp3,2364.01,3DES,13.9,16.2
audio_049.mp3,2364.01,ChaCha20,6.8,20.3
audio_049.mp3,2364.01,Camellia,13.2,1.4
audio_050.mp3,2412.99,AES,27.3,10.4
audio_050.mp3,2412.99,3DES,18.4,18.2
audio_050.mp3,2412.99,ChaCha20,17.7,10.3
audio_050.mp3,2412.99,Camellia,34.6,8.2
audio_051.mp3,2461.36,AES,6.8,2.8
audio_051.mp3,2461.36,3DES,15.9,16.7
audio_051.mp3,2461.36,ChaCha20,5.2,11.8
audio_051.mp3,2461.36,Camellia,15.6,14.0
audio_052.mp3,2510.34,AES,10.3,6.7
audio_052.mp3,2510.34,3DES,17.9,18.8
audio_052.mp3,2510.34,ChaCha20,11.4,2.8
audio_052.mp3,2510.34,Camellia,17.8,10.8
audio_053.mp3,2558.70,AES,19.5,13.6
audio_053.mp3,2558.70,3DES,14.8,15.9
audio_053.mp3,2558.70,ChaCha20,11.2,25.0
audio_053.mp3,2558.70,Camellia,9.9,4.4
audio_054.mp3,2607.68,AES,11.1,13.9
audio_054.mp3,2607.68,3DES,22.1,14.4
audio_054.mp3,2607.68,ChaCha20,15.5,3.8
audio_054.mp3,2607.68,Camellia,5.5,5.3
audio_055.mp3,2656.66,AES,2.8,6.4
audio_055.mp3,2656.66,3DES,9.8,12.2
audio_055.mp3,2656.66,ChaCha20,14.9,7.8
audio_055.mp3,2656.66,Camellia,9.1,18.8
audio_056.mp3,2705.03,AES,20.8,6.0
audio_056.mp3,2705.03,3DES,20.0,19.7
audio_056.mp3,2705.03,ChaCha20,9.8,11.1
audio_056.mp3,2705.03,Camellia,4.0,2.4
audio_057.mp3,2754.01,AES,21.0,10.8
audio_057.mp3,2754.01,3DES,14.1,14.1
audio_057.mp3,2754.01,ChaCha20,2.6,40.7
audio_057.mp3,2754.01,Camellia,6.5,7.9
audio_058.mp3,2802.38,AES,14.8,8.6
audio_058.mp3,2802.38,3DES,14.0,16.7
audio_058.mp3,2802.38,ChaCha20,10.9,33.3
audio_058.mp3,2802.38,Camellia,3.8,11.6
audio_059.mp3,2851.36,AES,16.4,15.0
audio_059.mp3,2851.36,3DES,15.0,15.3
audio_059.mp3,2851.36,ChaCha20,13.5,15.5
audio_059.mp3,2851.36,Camellia,3.9,13.2
audio_060.mp3,2899.72,AES,11.7,5.1
audio_060.mp3,2899.72,3DES,20.5,13.9
audio_060.mp3,2899.72,ChaCha20,4.0,10.5
audio_060.mp3,2899.72,Camellia,21.3,17.7
audio_061.mp3,2948.70,AES,33.8,5.3
audio_061.mp3,2948.70,3DES,15.5,16.6
audio_061.mp3,2948.70,ChaCha20,29.1,6.3
audio_061.mp3,2948.70,Camellia,15.1,8.0
audio_062.mp3,2997.68,AES,12.0,19.0
audio_062.mp3,2997.68,3DES,13.0,22.3
audio_062.mp3,2997.68,ChaCha20,18.8,12.7
audio_062.mp3,2997.68,Camellia,10.3,25.6
audio_063.mp3,3046.05,AES,23.5,18.8
audio_063.mp3,3046.05,3DES,22.6,24.1
audio_063.mp3,3046.05,ChaCha20,2.7,6.6
audio_063.mp3,3046.05,Camellia,28.6,26.3
audio_064.mp3,3095.03,AES,17.9,7.9
audio_064.mp3,3095.03,3DES,23.4,24.4
audio_064.mp3,3095.03,ChaCha20,5.8,25.3
audio_064.mp3,3095.03,Camellia,11.8,4.6
audio_065.mp3,3143.40,AES,12.9,15.2
audio_065.mp3,3143.40,3DES,16.5,12.7
audio_065.mp3,3143.40,ChaCha20,23.8,4.9
audio_065.mp3,3143.40,Camellia,20.0,6.8
audio_066.mp3,3192.38,AES,6.2,25.3
audio_066.mp3,3192.38,3DES,24.6,24.5
audio_066.mp3,3192.38,ChaCha20,55.4,18.7
audio_066.mp3,3192.38,Camellia,6.2,57.5
audio_067.mp3,3240.75,AES,27.8,17.2
audio_067.mp3,3240.75,3DES,25.6,20.9
audio_067.mp3,3240.75,ChaCha20,6.2,5.3
audio_067.mp3,3240.75,Camellia,5.7,14.9
audio_068.mp3,3289.72,AES,22.2,5.8
audio_068.mp3,3289.72,3DES,22.1,17.7
audio_068.mp3,3289.72,ChaCha20,24.1,31.1
audio_068.mp3,3289.72,Camellia,2.5,8.8
audio_069.mp3,3338.09,AES,6.1,20.7
audio_069.mp3,3338.09,3DES,17.2,11.3
audio_069.mp3,3338.09,ChaCha20,30.0,1.3
audio_069.mp3,3338.09,Camellia,2.5,15.9
audio_070.mp3,3387.07,AES,17.7,20.3
audio_070.mp3,3387.07,3DES,11.6,19.7
audio_070.mp3,3387.07,ChaCha20,0,21.2
audio_070.mp3,3387.07,Camellia,14.5,18.2
audio_071.mp3,3436.05,AES,7.7,0
audio_071.mp3,3436.05,3DES,17.4,14.2
audio_071.mp3,3436.05,ChaCha20,55.4,23.2
audio_071.mp3,3436.05,Camellia,9.2,11.3
audio_072.mp3,3484.42,AES,4.8,0
audio_072.mp3,3484.42,3DES,12.9,16.8
audio_072.mp3,3484.42,ChaCha20,12.8,5.1
audio_072.mp3,3484.42,Camellia,2.7,2.7
audio_073.mp3,3533.40,AES,2.6,16.9
audio_073.mp3,3533.40,3DES,13.1,15.2
audio_073.mp3,3533.40,ChaCha20,11.4,14.7
audio_073.mp3,3533.40,Camellia,19.3,1.3
audio_074.mp3,3581.76,AES,25.6,13.2
audio_074.mp3,3581.76,3DES,19.7,15.3
audio_074.mp3,3581.76,ChaCha20,27.6,20.0
audio_074.mp3,3581.76,Camellia,4.2,3.7
audio_075.mp3,3630.75,AES,15.3,9.1
audio_075.mp3,3630.75,3DES,12.9,14.9
audio_075.mp3,3630.75,ChaCha20,6.8,18.1
audio_075.mp3,3630.75,Camellia,13.0,11.1
audio_076.mp3,3679.11,AES,23.0,10.7
audio_076.mp3,3679.11,3DES,22.0,14.5
audio_076.mp3,3679.11,ChaCha20,19.0,33.7
audio_076.mp3,3679.11,Camellia,11.9,1.4
audio_077.mp3,3728.09,AES,5.0,22.7
audio_077.mp3,3728.09,3DES,14.5,17.0
audio_077.mp3,3728.09,ChaCha20,18.0,14.8
audio_077.mp3,3728.09,Camellia,11.2,10.4
audio_078.mp3,3777.07,AES,2.8,8.3
audio_078.mp3,3777.07,3DES,18.3,14.6
audio_078.mp3,3777.07,ChaCha20,7.8,7.1
audio_078.mp3,3777.07,Camellia,8.2,11.1
audio_079.mp3,3825.44,AES,3.9,2.8
audio_079.mp3,3825.44,3DES,24.1,16.2
audio_079.mp3,3825.44,ChaCha20,26.6,10.7
audio_079.mp3,3825.44,Camellia,7.7,4.0
audio_080.mp3,3874.42,AES,1.3,16.7
audio_080.mp3,3874.42,3DES,11.8,14.2
audio_080.mp3,3874.42,ChaCha20,4.1,13.9
audio_080.mp3,3874.42,Camellia,51.4,1.3
audio_081.mp3,3922.79,AES,0,2.5
audio_081.mp3,3922.79,3DES,19.0,19.2
audio_081.mp3,3922.79,ChaCha20,10.8,6.2
audio_081.mp3,3922.79,Camellia,20.2,1.4
audio_082.mp3,3971.76,AES,1.3,5.2
audio_082.mp3,3971.76,3DES,15.1,11.4
audio_082.mp3,3971.76,ChaCha20,16.7,9.6
audio_082.mp3,3971.76,Camellia,9.2,9.0
audio_083.mp3,4020.13,AES,20.3,20.9
audio_083.mp3,4020.13,3DES,11.9,18.1
audio_083.mp3,4020.13,ChaCha20,7.5,1.4
audio_083.mp3,4020.13,Camellia,6.6,26.4
audio_084.mp3,4069.11,AES,31.9,4.0
audio_084.mp3,4069.11,3DES,18.5,31.5
audio_084.mp3,4069.11,ChaCha20,0,15.6
audio_084.mp3,4069.11,Camellia,21.8,7.1
audio_085.mp3,4117.48,AES,3.5,3.7
audio_085.mp3,4117.48,3DES,16.1,23.0
audio_085.mp3,4117.48,ChaCha20,3.7,23.5
audio_085.mp3,4117.48,Camellia,10.5,13.9
audio_086.mp3,4166.46,AES,2.7,16.0
audio_086.mp3,4166.46,3DES,15.1,14.3
audio_086.mp3,4166.46,ChaCha20,10.6,8.2
audio_086.mp3,4166.46,Camellia,4.2,15.4
audio_087.mp3,4215.44,AES,27.3,5.2
audio_087.mp3,4215.44,3DES,19.0,12.1
audio_087.mp3,4215.44,ChaCha20,13.5,0
audio_087.mp3,4215.44,Camellia,7.8,1.3
audio_088.mp3,4263.81,AES,34.8,16.9
audio_088.mp3,4263.81,3DES,12.6,16.4
audio_088.mp3,4263.81,ChaCha20,5.5,4.2
audio_088.mp3,4263.81,Camellia,34.6,3.9
audio_089.mp3,4312.79,AES,29.9,17.7
audio_089.mp3,4312.79,3DES,23.0,20.7
audio_089.mp3,4312.79,ChaCha20,7.4,14.7
audio_089.mp3,4312.79,Camellia,4.4,6.8
audio_090.mp3,4361.15,AES,0,6.7
audio_090.mp3,4361.15,3DES,17.4,13.7
audio_090.mp3,4361.15,ChaCha20,10.5,22.8
audio_090.mp3,4361.15,Camellia,27.4,6.0
audio_091.mp3,4410.13,AES,5.2,30.6
audio_091.mp3,4410.13,3DES,17.0,14.4
audio_091.mp3,4410.13,ChaCha20,2.7,7.8
audio_091.mp3,4410.13,Camellia,3.8,8.6
audio_092.mp3,4458.50,AES,5.3,6.5
audio_092.mp3,4458.50,3DES,15.6,13.0
audio_092.mp3,4458.50,ChaCha20,3.8,11.1
audio_092.mp3,4458.50,Camellia,7.7,1.5
audio_093.mp3,4507.48,AES,1.3,13.3
audio_093.mp3,4507.48,3DES,14.9,13.9
audio_093.mp3,4507.48,ChaCha20,27.6,12.0
audio_093.mp3,4507.48,Camellia,4.7,3.7
audio_094.mp3,4556.46,AES,15.8,12.9
audio_094.mp3,4556.46,3DES,16.8,21.0
audio_094.mp3,4556.46,ChaCha20,4.0,6.8
audio_094.mp3,4556.46,Camellia,10.4,25.3
audio_095.mp3,4604.83,AES,12.5,1.2
audio_095.mp3,4604.83,3DES,17.8,19.2
audio_095.mp3,4604.83,ChaCha20,12.0,6.3
audio_095.mp3,4604.83,Camellia,9.0,26.4
audio_096.mp3,4653.81,AES,14.7,21.7
audio_096.mp3,4653.81,3DES,19.4,19.7
audio_096.mp3,4653.81,ChaCha20,25.6,31.2
audio_096.mp3,4653.81,Camellia,52.2,2.4
audio_097.mp3,4702.17,AES,16.5,9.8
audio_097.mp3,4702.17,3DES,21.6,15.3
audio_097.mp3,4702.17,ChaCha20,6.8,10.7
audio_097.mp3,4702.17,Camellia,6.9,9.2
audio_098.mp3,4751.15,AES,1.4,5.3
audio_098.mp3,4751.15,3DES,19.8,15.6
audio_098.mp3,4751.15,ChaCha20,8.8,13.3
audio_098.mp3,4751.15,Camellia,11.7,10.7
audio_099.mp3,4799.52,AES,7.6,2.6
audio_099.mp3,4799.52,3DES,21.7,14.8
audio_099.mp3,4799.52,ChaCha20,11.2,16.3
audio_099.mp3,4799.52,Camellia,2.8,4.1
audio_100.mp3,4848.50,AES,17.9,2.6
audio_100.mp3,4848.50,3DES,13.3,17.7
audio_100.mp3,4848.50,ChaCha20,32.9,30.9
audio_100.mp3,4848.50,Camellia,19.5,20.5
img_001.jpg,14.53,AES,27.4,13.9
img_001.jpg,14.53,3DES,4.1,13.5
img_001.jpg,14.53,ChaCha20,55.1,4.9
img_001.jpg,14.53,Camellia,5.3,2.8
img_002.jpg,17.71,AES,9.6,3.6
img_002.jpg,17.71,3DES,10.0,9.3
img_002.jpg,17.71,ChaCha20,33.3,1.2
img_002.jpg,17.71,Camellia,13.6,20.5
img_003.jpg,26.08,AES,7.8,15.7
img_003.jpg,26.08,3DES,9.3,12.9
img_003.jpg,26.08,ChaCha20,34.4,16.0
img_003.jpg,26.08,Camellia,4.2,76.4
img_004.jpg,34.67,AES,10.4,14.1
img_004.jpg,34.67,3DES,16.4,9.6
img_004.jpg,34.67,ChaCha20,25.7,19.5
img_004.jpg,34.67,Camellia,13.8,17.5
img_005.jpg,45.20,AES,2.5,7.6
img_005.jpg,45.20,3DES,16.5,2.7
img_005.jpg,45.20,ChaCha20,22.2,19.7
img_005.jpg,45.20,Camellia,5.0,19.4
img_006.jpg,56.35,AES,1.3,16.7
img_006.jpg,56.35,3DES,14.3,15.3
img_006.jpg,56.35,ChaCha20,9.4,2.5
img_006.jpg,56.35,Camellia,3.8,13.9
img_007.jpg,65.05,AES,2.8,1.4
img_007.jpg,65.05,3DES,24.7,13.0
img_007.jpg,65.05,ChaCha20,8.9,23.8
img_007.jpg,65.05,Camellia,14.1,8.3
img_008.jpg,72.23,AES,6.2,13.3
img_008.jpg,72.23,3DES,23.1,16.2
img_008.jpg,72.23,ChaCha20,6.0,2.4
img_008.jpg,72.23,Camellia,3.9,22.4
img_009.jpg,85.10,AES,18.6,6.5
img_009.jpg,85.10,3DES,23.7,9.3
img_009.jpg,85.10,ChaCha20,5.3,21.1
img_009.jpg,85.10,Camellia,2.8,8.3
img_010.jpg,93.04,AES,11.1,0
img_010.jpg,93.04,3DES,29.2,9.7
img_010.jpg,93.04,ChaCha20,0,14.1
img_010.jpg,93.04,Camellia,5.3,35.1
img_011.jpg,102.24,AES,19.7,1.4
img_011.jpg,102.24,3DES,18.7,2.7
img_011.jpg,102.24,ChaCha20,2.5,11.4
img_011.jpg,102.24,Camellia,6.5,12.9
img_012.jpg,112.34,AES,16.7,1.4
img_012.jpg,112.34,3DES,26.9,20.3
img_012.jpg,112.34,ChaCha20,11.5,20.5
img_012.jpg,112.34,Camellia,8.2,6.5
img_013.jpg,123.52,AES,11.4,14.7
img_013.jpg,123.52,3DES,9.9,3.9
img_013.jpg,123.52,ChaCha20,4.2,5.2
img_013.jpg,123.52,Camellia,6.2,19.2
img_014.jpg,136.63,AES,11.8,10.5
img_014.jpg,136.63,3DES,23.7,5.9
img_014.jpg,136.63,ChaCha20,8.3,81.4
img_014.jpg,136.63,Camellia,27.3,16.2
img_015.jpg,143.26,AES,23.4,16.7
img_015.jpg,143.26,3DES,34.7,20.3
img_015.jpg,143.26,ChaCha20,25.6,22.4
img_015.jpg,143.26,Camellia,9.3,8.2
img_016.jpg,156.11,AES,23.8,22.5
img_016.jpg,156.11,3DES,32.4,9.5
img_016.jpg,156.11,ChaCha20,4.1,52.8
img_016.jpg,156.11,Camellia,11.2,8.3
img_017.jpg,166.83,AES,0,9.5
img_017.jpg,166.83,3DES,9.6,9.7
img_017.jpg,166.83,ChaCha20,5.6,35.5
img_017.jpg,166.83,Camellia,21.9,1.3
img_018.jpg,177.03,AES,43.9,18.2
img_018.jpg,177.03,3DES,13.1,11.1
img_018.jpg,177.03,ChaCha20,8.3,8.6
img_018.jpg,177.03,Camellia,22.7,28.1
img_019.jpg,187.07,AES,12.0,28.9
img_019.jpg,187.07,3DES,6.0,2.6
img_019.jpg,187.07,ChaCha20,17.8,20.5
img_019.jpg,187.07,Camellia,6.8,21.3
img_020.jpg,194.61,AES,11.1,6.9
img_020.jpg,194.61,3DES,26.6,10.0
img_020.jpg,194.61,ChaCha20,4.0,20.8
img_020.jpg,194.61,Camellia,9.6,12.3
img_021.jpg,194.61,AES,8.6,9.9
img_021.jpg,194.61,3DES,4.2,6.5
img_021.jpg,194.61,ChaCha20,21.3,13.4
img_021.jpg,194.61,Camellia,12.9,10.0
img_022.jpg,214.63,AES,10.1,9.4
img_022.jpg,214.63,3DES,11.9,7.1
img_022.jpg,214.63,ChaCha20,17.1,26.2
img_022.jpg,214.63,Camellia,11.1,15.3
img_023.jpg,223.37,AES,42.5,13.3
img_023.jpg,223.37,3DES,12.5,8.1
img_023.jpg,223.37,ChaCha20,9.7,2.8
img_023.jpg,223.37,Camellia,5.1,8.8
img_024.jpg,233.78,AES,18.8,12.2
img_024.jpg,233.78,3DES,7.4,6.8
img_024.jpg,233.78,ChaCha20,6.9,16.7
img_024.jpg,233.78,Camellia,10.7,4.2
img_025.jpg,260.88,AES,2.8,5.5
img_025.jpg,260.88,3DES,15.0,20.9
img_025.jpg,260.88,ChaCha20,11.7,6.3
img_025.jpg,260.88,Camellia,5.6,11.8
img_026.jpg,257.04,AES,0,8.6
img_026.jpg,257.04,3DES,16.7,9.2
img_026.jpg,257.04,ChaCha20,1.5,0
img_026.jpg,257.04,Camellia,6.6,11.1
img_027.jpg,267.60,AES,11.6,27.0
img_027.jpg,267.60,3DES,22.2,21.1
img_027.jpg,267.60,ChaCha20,4.1,8.8
img_027.jpg,267.60,Camellia,7.9,25.9
img_028.jpg,274.17,AES,11.9,2.4
img_028.jpg,274.17,3DES,12.5,21.9
img_028.jpg,274.17,ChaCha20,11.1,16.7
img_028.jpg,274.17,Camellia,25.4,3.6
img_029.jpg,286.94,AES,20.3,18.8
img_029.jpg,286.94,3DES,59.1,11.9
img_029.jpg,286.94,ChaCha20,6.1,4.2
img_029.jpg,286.94,Camellia,12.0,11.1
img_030.jpg,295.25,AES,20.8,5.2
img_030.jpg,295.25,3DES,12.7,33.3
img_030.jpg,295.25,ChaCha20,31.9,27.8
img_030.jpg,295.25,Camellia,16.0,19.5
img_031.jpg,302.25,AES,21.7,3.8
img_031.jpg,302.25,3DES,4.8,8.0
img_031.jpg,302.25,ChaCha20,2.7,2.6
img_031.jpg,302.25,Camellia,7.9,11.8
img_032.jpg,313.63,AES,2.8,24.7
img_032.jpg,313.63,3DES,13.3,6.9
img_032.jpg,313.63,ChaCha20,2.7,19.2
img_032.jpg,313.63,Camellia,9.6,1.4
img_033.jpg,352.21,AES,0,35.0
img_033.jpg,352.21,3DES,41.7,11.4
img_033.jpg,352.21,ChaCha20,8.0,11.1
img_033.jpg,352.21,Camellia,14.6,12.7
img_034.jpg,323.57,AES,4.1,6.5
img_034.jpg,323.57,3DES,7.8,20.5
img_034.jpg,323.57,ChaCha20,15.1,5.5
img_034.jpg,323.57,Camellia,1.4,1.3
img_035.jpg,341.06,AES,3.5,8.3
img_035.jpg,341.06,3DES,8.5,6.4
img_035.jpg,341.06,ChaCha20,4.1,0
img_035.jpg,341.06,Camellia,15.0,2.5
img_036.jpg,356.99,AES,2.6,1.4
img_036.jpg,356.99,3DES,6.9,12.5
img_036.jpg,356.99,ChaCha20,5.6,1.4
img_036.jpg,356.99,Camellia,8.1,1.2
img_037.jpg,362.62,AES,33.3,22.2
img_037.jpg,362.62,3DES,8.8,8.1
img_037.jpg,362.62,ChaCha20,2.8,22.9
img_037.jpg,362.62,Camellia,18.4,4.2
img_038.jpg,377.53,AES,4.2,19.7
img_038.jpg,377.53,3DES,35.8,20.5
img_038.jpg,377.53,ChaCha20,12.9,3.7
img_038.jpg,377.53,Camellia,1.3,4.0
img_039.jpg,383.77,AES,16.0,8.9
img_039.jpg,383.77,3DES,9.6,15.6
img_039.jpg,383.77,ChaCha20,7.4,10.7
img_039.jpg,383.77,Camellia,1.3,14.3
img_040.jpg,443.04,AES,10.8,15.5
img_040.jpg,443.04,3DES,30.4,15.2
img_040.jpg,443.04,ChaCha20,5.1,0
img_040.jpg,443.04,Camellia,2.6,27.4
img_041.jpg,407.11,AES,13.3,14.3
img_041.jpg,407.11,3DES,10.0,16.2
img_041.jpg,407.11,ChaCha20,19.2,19.4
img_041.jpg,407.11,Camellia,11.5,18.3
img_042.jpg,417.41,AES,12.3,2.8
img_042.jpg,417.41,3DES,29.3,6.5
img_042.jpg,417.41,ChaCha20,3.6,7.1
img_042.jpg,417.41,Camellia,13.1,29.1
img_043.jpg,438.70,AES,44.4,8.9
img_043.jpg,438.70,3DES,9.9,19.4
img_043.jpg,438.70,ChaCha20,33.8,11.2
img_043.jpg,438.70,Camellia,15.7,2.5
img_044.jpg,437.55,AES,35.2,24.4
img_044.jpg,437.55,3DES,13.3,31.0
img_044.jpg,437.55,ChaCha20,2.5,18.8
img_044.jpg,437.55,Camellia,27.1,6.2
img_045.jpg,444.60,AES,6.5,25.0
img_045.jpg,444.60,3DES,10.1,26.4
img_045.jpg,444.60,ChaCha20,26.3,3.8
img_045.jpg,444.60,Camellia,2.5,1.4
img_046.jpg,450.95,AES,11.1,3.9
img_046.jpg,450.95,3DES,8.5,9.7
img_046.jpg,450.95,ChaCha20,6.8,31.6
img_046.jpg,450.95,Camellia,0,19.4
img_047.jpg,464.82,AES,6.7,34.2
img_047.jpg,464.82,3DES,8.6,10.1
img_047.jpg,464.82,ChaCha20,7.3,8.3
img_047.jpg,464.82,Camellia,2.6,26.0
img_048.jpg,546.65,AES,26.0,6.8
img_048.jpg,546.65,3DES,22.7,12.0
img_048.jpg,546.65,ChaCha20,16.0,2.8
img_048.jpg,546.65,Camellia,0,1.3
img_049.jpg,485.48,AES,8.8,9.5
img_049.jpg,485.48,3DES,35.8,16.2
img_049.jpg,485.48,ChaCha20,4.1,1.4
img_049.jpg,485.48,Camellia,5.6,19.4
img_050.jpg,493.45,AES,3.8,10.1
img_050.jpg,493.45,3DES,9.8,7.3
img_050.jpg,493.45,ChaCha20,15.1,2.6
img_050.jpg,493.45,Camellia,0,6.8
img_051.jpg,499.74,AES,2.8,45.2
img_051.jpg,499.74,3DES,10.5,26.2
img_051.jpg,499.74,ChaCha20,15.4,0
img_051.jpg,499.74,Camellia,33.3,1.1
img_052.jpg,543.94,AES,5.4,6.3
img_052.jpg,543.94,3DES,8.0,17.7
img_052.jpg,543.94,ChaCha20,3.9,1.4
img_052.jpg,543.94,Camellia,1.2,2.4
img_053.jpg,518.97,AES,41.7,2.6
img_053.jpg,518.97,3DES,9.1,11.5
img_053.jpg,518.97,ChaCha20,17.5,28.0
img_053.jpg,518.97,Camellia,10.1,1.3
img_054.jpg,532.64,AES,4.8,4.7
img_054.jpg,532.64,3DES,26.8,14.6
img_054.jpg,532.64,ChaCha20,8.8,37.8
img_054.jpg,532.64,Camellia,15.6,37.5
img_055.jpg,543.39,AES,0,1.4
img_055.jpg,543.39,3DES,14.0,8.3
img_055.jpg,543.39,ChaCha20,31.9,2.5
img_055.jpg,543.39,Camellia,21.9,4.2
img_056.jpg,628.12,AES,6.9,13.2
img_056.jpg,628.12,3DES,11.6,28.4
img_056.jpg,628.12,ChaCha20,6.2,17.6
img_056.jpg,628.12,Camellia,25.0,8.1
img_057.jpg,621.63,AES,19.1,6.0
img_057.jpg,621.63,3DES,11.7,14.4
img_057.jpg,621.63,ChaCha20,15.3,3.7
img_057.jpg,621.63,Camellia,20.0,8.2
img_058.jpg,594.08,AES,18.1,7.7
img_058.jpg,594.08,3DES,13.1,13.7
img_058.jpg,594.08,ChaCha20,28.9,47.5
img_058.jpg,594.08,Camellia,10.8,25.6
img_059.jpg,587.95,AES,27.6,0
img_059.jpg,587.95,3DES,32.4,12.8
img_059.jpg,587.95,ChaCha20,17.6,0
img_059.jpg,587.95,Camellia,16.7,0
img_060.jpg,647.91,AES,16.9,34.1
img_060.jpg,647.91,3DES,14.7,50.0
img_060.jpg,647.91,ChaCha20,5.9,31.6
img_060.jpg,647.91,Camellia,4.9,0
img_061.jpg,674.23,AES,26.7,8.2
img_061.jpg,674.23,3DES,12.4,12.6
img_061.jpg,674.23,ChaCha20,7.5,26.4
img_061.jpg,674.23,Camellia,10.0,27.3
img_062.jpg,690.59,AES,15.5,3.0
img_062.jpg,690.59,3DES,38.1,12.4
img_062.jpg,690.59,ChaCha20,0,6.2
img_062.jpg,690.59,Camellia,33.7,2.8
img_063.jpg,623.74,AES,9.6,6.8
img_063.jpg,623.74,3DES,9.3,59.3
img_063.jpg,623.74,ChaCha20,13.9,1.3
img_063.jpg,623.74,Camellia,7.5,34.4
img_064.jpg,635.20,AES,28.6,11.7
img_064.jpg,635.20,3DES,8.3,7.7
img_064.jpg,635.20,ChaCha20,12.5,11.4
img_064.jpg,635.20,Camellia,0,1.4
img_065.jpg,688.47,AES,17.1,21.7
img_065.jpg,688.47,3DES,28.9,13.9
img_065.jpg,688.47,ChaCha20,0,5.6
img_065.jpg,688.47,Camellia,30.8,4.1
img_066.jpg,656.24,AES,17.3,0
img_066.jpg,656.24,3DES,10.2,15.8
img_066.jpg,656.24,ChaCha20,29.9,6.0
img_066.jpg,656.24,Camellia,3.9,0
img_067.jpg,630.24,AES,18.1,9.7
img_067.jpg,630.24,3DES,11.9,10.6
img_067.jpg,630.24,ChaCha20,32.1,4.1
img_067.jpg,630.24,Camellia,16.4,27.1
img_068.jpg,713.60,AES,7.3,8.3
img_068.jpg,713.60,3DES,15.8,12.6
img_068.jpg,713.60,ChaCha20,9.4,10.4
img_068.jpg,713.60,Camellia,25.0,5.0
img_069.jpg,682.44,AES,0,5.9
img_069.jpg,682.44,3DES,14.8,11.0
img_069.jpg,682.44,ChaCha20,1.4,4.4
img_069.jpg,682.44,Camellia,8.1,19.0
img_070.jpg,703.15,AES,1.4,3.8
img_070.jpg,703.15,3DES,11.6,16.4
img_070.jpg,703.15,ChaCha20,5.6,4.1
img_070.jpg,703.15,Camellia,13.0,8.5
img_071.jpg,776.85,AES,30.1,50.6
img_071.jpg,776.85,3DES,15.9,13.0
img_071.jpg,776.85,ChaCha20,10.0,40.0
img_071.jpg,776.85,Camellia,6.2,5.1
img_072.jpg,713.68,AES,6.8,4.1
img_072.jpg,713.68,3DES,27.3,11.1
img_072.jpg,713.68,ChaCha20,20.5,6.6
img_072.jpg,713.68,Camellia,21.9,25.6
img_073.jpg,829.75,AES,32.0,22.2
img_073.jpg,829.75,3DES,12.2,13.6
img_073.jpg,829.75,ChaCha20,8.2,25.6
img_073.jpg,829.75,Camellia,13.9,30.6
img_074.jpg,785.73,AES,0,0
img_074.jpg,785.73,3DES,14.6,22.7
img_074.jpg,785.73,ChaCha20,9.5,11.5
img_074.jpg,785.73,Camellia,9.1,6.5
img_075.jpg,822.43,AES,9.7,5.2
img_075.jpg,822.43,3DES,15.9,10.1
img_075.jpg,822.43,ChaCha20,22.4,12.5
img_075.jpg,822.43,Camellia,12.5,8.5
img_076.jpg,713.51,AES,0,14.1
img_076.jpg,713.51,3DES,10.3,18.9
img_076.jpg,713.51,ChaCha20,2.6,17.9
img_076.jpg,713.51,Camellia,6.5,3.7
img_077.jpg,840.50,AES,20.7,6.2
img_077.jpg,840.50,3DES,21.2,10.2
img_077.jpg,840.50,ChaCha20,7.0,1.3
img_077.jpg,840.50,Camellia,24.3,3.8
img_078.jpg,777.33,AES,22.0,5.8
img_078.jpg,777.33,3DES,10.1,8.9
img_078.jpg,777.33,ChaCha20,1.4,19.7
img_078.jpg,777.33,Camellia,13.7,15.3
img_079.jpg,774.50,AES,2.8,2.4
img_079.jpg,774.50,3DES,12.9,27.3
img_079.jpg,774.50,ChaCha20,10.3,7.4
img_079.jpg,774.50,Camellia,6.3,1.3
img_080.jpg,778.72,AES,22.2,11.8
img_080.jpg,778.72,3DES,10.0,9.5
img_080.jpg,778.72,ChaCha20,31.2,5.2
img_080.jpg,778.72,Camellia,12.5,5.3
img_081.jpg,894.38,AES,4.6,22.0
img_081.jpg,894.38,3DES,10.7,16.6
img_081.jpg,894.38,ChaCha20,12.3,19.2
img_081.jpg,894.38,Camellia,5.1,3.9
img_082.jpg,812.55,AES,9.0,1.4
img_082.jpg,812.55,3DES,21.5,8.3
img_082.jpg,812.55,ChaCha20,2.6,6.7
img_082.jpg,812.55,Camellia,15.1,6.1
img_083.jpg,772.95,AES,5.2,7.4
img_083.jpg,772.95,3DES,7.7,8.3
img_083.jpg,772.95,ChaCha20,3.7,5.1
img_083.jpg,772.95,Camellia,4.8,20.3
img_084.jpg,786.48,AES,2.4,1.3
img_084.jpg,786.48,3DES,13.0,26.5
img_084.jpg,786.48,ChaCha20,2.6,3.8
img_084.jpg,786.48,Camellia,13.9,0
img_085.jpg,926.24,AES,30.0,5.1
img_085.jpg,926.24,3DES,10.2,10.5
img_085.jpg,926.24,ChaCha20,19.4,7.7
img_085.jpg,926.24,Camellia,13.3,7.1
img_086.jpg,826.80,AES,1.3,40.2
img_086.jpg,826.80,3DES,14.2,11.5
img_086.jpg,826.80,ChaCha20,6.5,31.8
img_086.jpg,826.80,Camellia,4.0,5.8
img_087.jpg,941.81,AES,1.3,1.4
img_087.jpg,941.81,3DES,30.6,20.0
img_087.jpg,941.81,ChaCha20,2.4,7.8
img_087.jpg,941.81,Camellia,22.7,9.1
img_088.jpg,876.69,AES,2.5,2.8
img_088.jpg,876.69,3DES,12.5,15.5
img_088.jpg,876.69,ChaCha20,10.8,0
img_088.jpg,876.69,Camellia,9.0,22.7
img_089.jpg,884.63,AES,4.9,8.1
img_089.jpg,884.63,3DES,12.6,10.9
img_089.jpg,884.63,ChaCha20,6.8,0
img_089.jpg,884.63,Camellia,8.8,14.1
img_090.jpg,965.91,AES,0,7.4
img_090.jpg,965.91,3DES,11.9,25.4
img_090.jpg,965.91,ChaCha20,5.6,16.5
img_090.jpg,965.91,Camellia,15.1,8.7
img_091.jpg,823.60,AES,22.2,19.0
img_091.jpg,823.60,3DES,9.8,12.4
img_091.jpg,823.60,ChaCha20,13.6,1.2
img_091.jpg,823.60,Camellia,1.2,16.9
img_092.jpg,890.94,AES,15.7,24.7
img_092.jpg,890.94,3DES,13.3,9.8
img_092.jpg,890.94,ChaCha20,5.9,1.4
img_092.jpg,890.94,Camellia,8.8,10.4
img_093.jpg,927.33,AES,4.7,8.2
img_093.jpg,927.33,3DES,31.5,10.2
img_093.jpg,927.33,ChaCha20,4.8,8.3
img_093.jpg,927.33,Camellia,1.2,1.3
img_094.jpg,879.34,AES,5.5,7.6
img_094.jpg,879.34,3DES,24.7,14.7
img_094.jpg,879.34,ChaCha20,5.7,0
img_094.jpg,879.34,Camellia,15.6,4.9
img_095.jpg,879.80,AES,9.5,9.3
img_095.jpg,879.80,3DES,14.4,12.5
img_095.jpg,879.80,ChaCha20,6.8,12.3
img_095.jpg,879.80,Camellia,0,19.4
img_096.jpg,981.51,AES,12.5,9.6
img_096.jpg,981.51,3DES,16.5,11.5
img_096.jpg,981.51,ChaCha20,2.8,9.7
img_096.jpg,981.51,Camellia,0,5.6
img_097.jpg,1087.54,AES,2.8,11.9
img_097.jpg,1087.54,3DES,11.6,14.0
img_097.jpg,1087.54,ChaCha20,6.5,1.4
img_097.jpg,1087.54,Camellia,2.8,9.5
img_098.jpg,1078.69,AES,2.7,6.0
img_098.jpg,1078.69,3DES,9.1,12.8
img_098.jpg,1078.69,ChaCha20,1.3,8.3
img_098.jpg,1078.69,Camellia,10.8,6.9
img_099.jpg,1065.44,AES,6.1,30.6
img_099.jpg,1065.44,3DES,13.9,17.6
img_099.jpg,1065.44,ChaCha20,39.2,0
img_099.jpg,1065.44,Camellia,20.8,14.5
img_100.jpg,935.46,AES,9.6,8.2
img_100.jpg,935.46,3DES,21.5,36.5
img_100.jpg,935.46,ChaCha20,16.0,8.6
img_100.jpg,935.46,Camellia,9.0,2.7
text_001.txt,0.32,AES,26.9,22.0
text_001.txt,0.32,3DES,18.5,8.3
text_001.txt,0.32,ChaCha20,1.4,19.2
text_001.txt,0.32,Camellia,8.1,11.1
text_002.txt,0.65,AES,6.2,9.9
text_002.txt,0.65,3DES,6.0,14.3
text_002.txt,0.65,ChaCha20,10.5,6.2
text_002.txt,0.65,Camellia,5.6,6.6
text_003.txt,0.98,AES,19.4,14.3
text_003.txt,0.98,3DES,0,8.3
text_003.txt,0.98,ChaCha20,8.3,14.1
text_003.txt,0.98,Camellia,17.3,7.1
text_004.txt,1.31,AES,2.8,14.7
text_004.txt,1.31,3DES,15.8,16.4
text_004.txt,1.31,ChaCha20,2.5,0
text_004.txt,1.31,Camellia,2.6,4.2
text_005.txt,1.64,AES,15.9,2.3
text_005.txt,1.64,3DES,5.2,5.3
text_005.txt,1.64,ChaCha20,16.0,13.7
text_005.txt,1.64,Camellia,20.3,6.2
text_006.txt,1.96,AES,2.6,8.2
text_006.txt,1.96,3DES,13.9,23.8
text_006.txt,1.96,ChaCha20,8.6,0
text_006.txt,1.96,Camellia,2.6,24.7
text_007.txt,2.29,AES,20.2,14.1
text_007.txt,2.29,3DES,21.1,21.1
text_007.txt,2.29,ChaCha20,8.3,15.5
text_007.txt,2.29,Camellia,6.8,1.2
text_008.txt,2.62,AES,5.9,16.7
text_008.txt,2.62,3DES,8.8,18.6
text_008.txt,2.62,ChaCha20,4.7,0
text_008.txt,2.62,Camellia,4.7,21.3
text_009.txt,2.95,AES,12.3,4.9
text_009.txt,2.95,3DES,2.8,1.4
text_009.txt,2.95,ChaCha20,5.3,5.6
text_009.txt,2.95,Camellia,10.0,3.8
text_010.txt,3.28,AES,2.7,22.5
text_010.txt,3.28,3DES,12.8,17.3
text_010.txt,3.28,ChaCha20,0,3.5
text_010.txt,3.28,Camellia,39.1,14.0
text_011.txt,3.61,AES,12.7,8.3
text_011.txt,3.61,3DES,2.8,0
text_011.txt,3.61,ChaCha20,3.9,1.5
text_011.txt,3.61,Camellia,29.1,2.6
text_012.txt,3.93,AES,4.9,15.4
text_012.txt,3.93,3DES,9.7,9.4
text_012.txt,3.93,ChaCha20,2.8,1.4
text_012.txt,3.93,Camellia,35.8,16.2
text_013.txt,4.26,AES,9.2,19.4
text_013.txt,4.26,3DES,6.1,22.0
text_013.txt,4.26,ChaCha20,4.1,12.3
text_013.txt,4.26,Camellia,18.6,3.6
text_014.txt,4.59,AES,8.9,16.7
text_014.txt,4.59,3DES,11.2,22.4
text_014.txt,4.59,ChaCha20,23.6,2.8
text_014.txt,4.59,Camellia,5.1,5.5
text_015.txt,4.92,AES,12.5,6.7
text_015.txt,4.92,3DES,4.1,3.5
text_015.txt,4.92,ChaCha20,12.5,10.7
text_015.txt,4.92,Camellia,16.2,6.9
text_016.txt,5.25,AES,2.9,6.5
text_016.txt,5.25,3DES,5.6,4.2
text_016.txt,5.25,ChaCha20,11.1,2.8
text_016.txt,5.25,Camellia,9.7,3.6
text_017.txt,5.57,AES,1.3,4.2
text_017.txt,5.57,3DES,2.6,18.1
text_017.txt,5.57,ChaCha20,2.5,5.4
text_017.txt,5.57,Camellia,2.4,18.6
text_018.txt,5.90,AES,26.2,7.6
text_018.txt,5.90,3DES,8.9,2.4
text_018.txt,5.90,ChaCha20,7.0,3.8
text_018.txt,5.90,Camellia,9.3,5.1
text_019.txt,6.23,AES,8.5,0
text_019.txt,6.23,3DES,19.2,4.5
text_019.txt,6.23,ChaCha20,11.1,23.6
text_019.txt,6.23,Camellia,12.7,8.5
text_020.txt,6.56,AES,3.8,8.2
text_020.txt,6.56,3DES,3.7,13.9
text_020.txt,6.56,ChaCha20,1.4,13.9
text_020.txt,6.56,Camellia,7.1,7.1
text_021.txt,6.89,AES,2.3,5.4
text_021.txt,6.89,3DES,17.8,21.0
text_021.txt,6.89,ChaCha20,19.4,1.3
text_021.txt,6.89,Camellia,5.4,23.8
text_022.txt,7.21,AES,5.5,14.1
text_022.txt,7.21,3DES,6.0,11.9
text_022.txt,7.21,ChaCha20,4.8,8.4
text_022.txt,7.21,Camellia,3.6,6.2
text_023.txt,7.54,AES,2.7,4.7
text_023.txt,7.54,3DES,17.1,13.6
text_023.txt,7.54,ChaCha20,7.8,2.4
text_023.txt,7.54,Camellia,4.7,20.0
text_024.txt,7.87,AES,6.6,8.3
text_024.txt,7.87,3DES,10.3,0
text_024.txt,7.87,ChaCha20,9.7,10.5
text_024.txt,7.87,Camellia,6.9,6.8
text_025.txt,8.20,AES,6.2,9.6
text_025.txt,8.20,3DES,15.7,5.6
text_025.txt,8.20,ChaCha20,8.3,0
text_025.txt,8.20,Camellia,86.2,11.5
text_026.txt,8.53,AES,8.8,10.7
text_026.txt,8.53,3DES,3.9,2.5
text_026.txt,8.53,ChaCha20,5.4,20.8
text_026.txt,8.53,Camellia,8.1,1.4
text_027.txt,8.86,AES,1.4,16.9
text_027.txt,8.86,3DES,10.4,3.8
text_027.txt,8.86,ChaCha20,5.1,14.1
text_027.txt,8.86,Camellia,3.5,11.2
text_028.txt,9.18,AES,22.2,20.3
text_028.txt,9.18,3DES,1.3,13.5
text_028.txt,9.18,ChaCha20,12.0,13.7
text_028.txt,9.18,Camellia,6.1,0
text_029.txt,9.51,AES,0,5.2
text_029.txt,9.51,3DES,7.3,48.8
text_029.txt,9.51,ChaCha20,9.3,9.6
text_029.txt,9.51,Camellia,8.3,2.7
text_030.txt,9.84,AES,19.4,9.7
text_030.txt,9.84,3DES,14.9,13.9
text_030.txt,9.84,ChaCha20,16.4,3.9
text_030.txt,9.84,Camellia,5.6,9.6
text_031.txt,10.17,AES,2.7,19.3
text_031.txt,10.17,3DES,2.6,13.9
text_031.txt,10.17,ChaCha20,8.9,6.7
text_031.txt,10.17,Camellia,21.2,10.1
text_032.txt,10.50,AES,8.0,6.4
text_032.txt,10.50,3DES,13.2,3.4
text_032.txt,10.50,ChaCha20,3.9,3.8
text_032.txt,10.50,Camellia,20.8,2.7
text_033.txt,10.82,AES,6.3,3.8
text_033.txt,10.82,3DES,0,16.7
text_033.txt,10.82,ChaCha20,2.7,26.6
text_033.txt,10.82,Camellia,12.5,8.9
text_034.txt,11.15,AES,13.9,14.7
text_034.txt,11.15,3DES,4.8,9.0
text_034.txt,11.15,ChaCha20,4.1,1.2
text_034.txt,11.15,Camellia,32.5,7.4
text_035.txt,11.48,AES,7.6,0
text_035.txt,11.48,3DES,2.4,4.2
text_035.txt,11.48,ChaCha20,1.4,3.9
text_035.txt,11.48,Camellia,7.6,2.6
text_036.txt,11.81,AES,8.0,38.1
text_036.txt,11.81,3DES,8.6,11.0
text_036.txt,11.81,ChaCha20,11.5,0
text_036.txt,11.81,Camellia,5.1,7.9
text_037.txt,12.14,AES,12.3,5.3
text_037.txt,12.14,3DES,4.8,3.9
text_037.txt,12.14,ChaCha20,32.9,5.6
text_037.txt,12.14,Camellia,8.8,1.4
text_038.txt,12.46,AES,16.7,2.7
text_038.txt,12.46,3DES,4.1,23.3
text_038.txt,12.46,ChaCha20,14.1,5.6
text_038.txt,12.46,Camellia,0,34.7
text_039.txt,12.79,AES,15.1,7.2
text_039.txt,12.79,3DES,2.2,2.7
text_039.txt,12.79,ChaCha20,14.7,6.5
text_039.txt,12.79,Camellia,11.8,19.5
text_040.txt,13.12,AES,1.4,6.0
text_040.txt,13.12,3DES,27.0,13.9
text_040.txt,13.12,ChaCha20,5.2,21.0
text_040.txt,13.12,Camellia,5.2,39.7
text_041.txt,13.45,AES,21.1,7.6
text_041.txt,13.45,3DES,3.6,2.7
text_041.txt,13.45,ChaCha20,10.3,14.3
text_041.txt,13.45,Camellia,10.8,12.8
text_042.txt,13.78,AES,5.3,4.8
text_042.txt,13.78,3DES,19.4,5.7
text_042.txt,13.78,ChaCha20,7.2,6.7
text_042.txt,13.78,Camellia,15.3,17.9
text_043.txt,14.11,AES,10.5,3.8
text_043.txt,14.11,3DES,7.6,4.0
text_043.txt,14.11,ChaCha20,17.6,22.2
text_043.txt,14.11,Camellia,13.0,3.8
text_044.txt,14.43,AES,2.6,6.9
text_044.txt,14.43,3DES,15.6,4.2
text_044.txt,14.43,ChaCha20,33.3,14.3
text_044.txt,14.43,Camellia,5.6,17.9
text_045.txt,14.76,AES,22.1,2.4
text_045.txt,14.76,3DES,6.5,6.0
text_045.txt,14.76,ChaCha20,16.5,11.2
text_045.txt,14.76,Camellia,6.6,7.7
text_046.txt,15.09,AES,0,11.4
text_046.txt,15.09,3DES,12.6,16.7
text_046.txt,15.09,ChaCha20,11.5,5.5
text_046.txt,15.09,Camellia,6.4,16.0
text_047.txt,15.42,AES,10.7,8.3
text_047.txt,15.42,3DES,0,6.5
text_047.txt,15.42,ChaCha20,16.4,5.2
text_047.txt,15.42,Camellia,10.7,12.5
text_048.txt,15.75,AES,17.6,6.0
text_048.txt,15.75,3DES,11.0,16.7
text_048.txt,15.75,ChaCha20,6.5,11.3
text_048.txt,15.75,Camellia,11.8,9.7
text_049.txt,16.07,AES,2.7,3.7
text_049.txt,16.07,3DES,6.7,4.2
text_049.txt,16.07,ChaCha20,14.3,6.5
text_049.txt,16.07,Camellia,15.5,2.7
text_050.txt,16.40,AES,6.0,18.8
text_050.txt,16.40,3DES,11.0,14.1
text_050.txt,16.40,ChaCha20,2.6,8.5
text_050.txt,16.40,Camellia,11.1,10.7
text_051.txt,16.73,AES,4.2,8.3
text_051.txt,16.73,3DES,6.6,7.6
text_051.txt,16.73,ChaCha20,17.3,2.7
text_051.txt,16.73,Camellia,17.5,7.4
text_052.txt,17.06,AES,16.4,2.7
text_052.txt,17.06,3DES,1.3,7.7
text_052.txt,17.06,ChaCha20,0,8.0
text_052.txt,17.06,Camellia,5.2,20.5
text_053.txt,17.39,AES,7.1,16.0
text_053.txt,17.39,3DES,11.0,2.6
text_053.txt,17.39,ChaCha20,1.4,2.7
text_053.txt,17.39,Camellia,2.8,7.5
text_054.txt,17.71,AES,8.2,15.4
text_054.txt,17.71,3DES,20.3,3.8
text_054.txt,17.71,ChaCha20,25.9,9.0
text_054.txt,17.71,Camellia,7.9,8.1
text_055.txt,18.04,AES,1.3,11.4
text_055.txt,18.04,3DES,8.0,1.4
text_055.txt,18.04,ChaCha20,2.6,44.2
text_055.txt,18.04,Camellia,10.7,14.3
text_056.txt,18.37,AES,14.1,3.8
text_056.txt,18.37,3DES,17.1,10.1
text_056.txt,18.37,ChaCha20,25.9,11.1
text_056.txt,18.37,Camellia,17.7,5.1
text_057.txt,18.70,AES,10.7,21.0
text_057.txt,18.70,3DES,14.1,17.5
text_057.txt,18.70,ChaCha20,1.3,23.8
text_057.txt,18.70,Camellia,7.1,24.3
text_058.txt,19.03,AES,4.2,6.5
text_058.txt,19.03,3DES,6.5,7.8
text_058.txt,19.03,ChaCha20,35.4,3.6
text_058.txt,19.03,Camellia,3.9,22.1
text_059.txt,19.36,AES,13.5,5.6
text_059.txt,19.36,3DES,20.8,7.8
text_059.txt,19.36,ChaCha20,14.7,12.7
text_059.txt,19.36,Camellia,17.6,14.8
text_060.txt,19.68,AES,12.3,6.3
text_060.txt,19.68,3DES,7.3,26.4
text_060.txt,19.68,ChaCha20,11.8,15.1
text_060.txt,19.68,Camellia,4.2,2.8
text_061.txt,20.01,AES,25.0,11.0
text_061.txt,20.01,3DES,16.2,6.5
text_061.txt,20.01,ChaCha20,2.5,8.8
text_061.txt,20.01,Camellia,6.0,3.9
text_062.txt,20.34,AES,17.1,2.7
text_062.txt,20.34,3DES,9.7,16.7
text_062.txt,20.34,ChaCha20,9.2,18.1
text_062.txt,20.34,Camellia,5.1,20.0
text_063.txt,20.67,AES,15.4,1.3
text_063.txt,20.67,3DES,6.3,3.8
text_063.txt,20.67,ChaCha20,4.2,6.0
text_063.txt,20.67,Camellia,12.8,7.6
text_064.txt,21.00,AES,23.7,11.1
text_064.txt,21.00,3DES,7.4,23.2
text_064.txt,21.00,ChaCha20,5.0,14.3
text_064.txt,21.00,Camellia,2.6,15.3
text_065.txt,21.32,AES,10.1,8.1
text_065.txt,21.32,3DES,10.1,14.3
text_065.txt,21.32,ChaCha20,3.8,7.7
text_065.txt,21.32,Camellia,27.1,3.9
text_066.txt,21.65,AES,10.0,9.5
text_066.txt,21.65,3DES,11.1,31.0
text_066.txt,21.65,ChaCha20,50.0,25.0
text_066.txt,21.65,Camellia,50.7,30.1
text_067.txt,21.98,AES,36.4,34.5
text_067.txt,21.98,3DES,47.4,26.7
text_067.txt,21.98,ChaCha20,29.8,26.2
text_067.txt,21.98,Camellia,24.4,7.7
text_068.txt,22.31,AES,57.7,37.5
text_068.txt,22.31,3DES,16.7,16.7
text_068.txt,22.31,ChaCha20,20.3,9.7
text_068.txt,22.31,Camellia,25.0,12.9
text_069.txt,22.64,AES,13.1,16.5
text_069.txt,22.64,3DES,4.3,4.8
text_069.txt,22.64,ChaCha20,31.0,20.7
text_069.txt,22.64,Camellia,7.7,18.7
text_070.txt,22.96,AES,15.1,30.3
text_070.txt,22.96,3DES,16.2,6.9
text_070.txt,22.96,ChaCha20,23.3,4.2
text_070.txt,22.96,Camellia,18.4,40.0
text_071.txt,23.29,AES,3.7,8.1
text_071.txt,23.29,3DES,5.1,3.9
text_071.txt,23.29,ChaCha20,26.8,3.6
text_071.txt,23.29,Camellia,2.6,14.9
text_072.txt,23.62,AES,14.3,11.0
text_072.txt,23.62,3DES,4.1,8.9
text_072.txt,23.62,ChaCha20,10.5,2.5
text_072.txt,23.62,Camellia,9.6,18.1
text_073.txt,23.95,AES,8.2,3.9
text_073.txt,23.95,3DES,6.9,11.0
text_073.txt,23.95,ChaCha20,19.2,4.2
text_073.txt,23.95,Camellia,5.1,52.6
text_074.txt,24.28,AES,9.3,7.7
text_074.txt,24.28,3DES,13.7,6.8
text_074.txt,24.28,ChaCha20,5.9,12.7
text_074.txt,24.28,Camellia,8.4,18.5
text_075.txt,24.61,AES,1.2,7.4
text_075.txt,24.61,3DES,18.1,11.7
text_075.txt,24.61,ChaCha20,17.1,36.1
text_075.txt,24.61,Camellia,0,9.3
text_076.txt,24.93,AES,6.5,37.5
text_076.txt,24.93,3DES,22.2,9.8
text_076.txt,24.93,ChaCha20,10.4,23.8
text_076.txt,24.93,Camellia,12.7,41.5
text_077.txt,25.26,AES,14.1,0
text_077.txt,25.26,3DES,7.4,10.8
text_077.txt,25.26,ChaCha20,7.4,18.1
text_077.txt,25.26,Camellia,2.8,6.8
text_078.txt,25.59,AES,12.5,4.2
text_078.txt,25.59,3DES,2.6,0
text_078.txt,25.59,ChaCha20,2.6,17.1
text_078.txt,25.59,Camellia,10.4,2.6
text_079.txt,25.92,AES,20.5,0
text_079.txt,25.92,3DES,22.5,12.9
text_079.txt,25.92,ChaCha20,1.4,5.5
text_079.txt,25.92,Camellia,2.6,10.3
text_080.txt,26.25,AES,24.2,3.7
text_080.txt,26.25,3DES,0,8.3
text_080.txt,26.25,ChaCha20,10.0,39.0
text_080.txt,26.25,Camellia,5.2,0
text_081.txt,26.57,AES,22.4,6.5
text_081.txt,26.57,3DES,18.4,23.5
text_081.txt,26.57,ChaCha20,0,6.2
text_081.txt,26.57,Camellia,39.2,34.9
text_082.txt,26.90,AES,37.8,6.6
text_082.txt,26.90,3DES,1.3,19.2
text_082.txt,26.90,ChaCha20,14.1,22.6
text_082.txt,26.90,Camellia,4.7,23.2
text_083.txt,27.23,AES,18.1,6.5
text_083.txt,27.23,3DES,5.6,14.1
text_083.txt,27.23,ChaCha20,1.4,13.9
text_083.txt,27.23,Camellia,9.7,23.4
text_084.txt,27.56,AES,16.0,0
text_084.txt,27.56,3DES,1.2,16.7
text_084.txt,27.56,ChaCha20,29.2,4.2
text_084.txt,27.56,Camellia,1.4,0
text_085.txt,27.89,AES,34.2,12.3
text_085.txt,27.89,3DES,18.7,16.7
text_085.txt,27.89,ChaCha20,5.5,0
text_085.txt,27.89,Camellia,13.6,12.2
text_086.txt,28.21,AES,7.7,5.2
text_086.txt,28.21,3DES,1.2,1.2
text_086.txt,28.21,ChaCha20,6.8,2.8
text_086.txt,28.21,Camellia,0,4.2
text_087.txt,28.54,AES,0,19.7
text_087.txt,28.54,3DES,4.8,13.9
text_087.txt,28.54,ChaCha20,28.8,0
text_087.txt,28.54,Camellia,21.4,3.7
text_088.txt,28.87,AES,20.5,4.0
text_088.txt,28.87,3DES,12.7,4.0
text_088.txt,28.87,ChaCha20,13.1,6.2
text_088.txt,28.87,Camellia,2.7,5.6
text_089.txt,29.20,AES,10.9,14.8
text_089.txt,29.20,3DES,28.8,22.9
text_089.txt,29.20,ChaCha20,5.0,5.1
text_089.txt,29.20,Camellia,3.8,12.7
text_090.txt,29.53,AES,9.7,8.2
text_090.txt,29.53,3DES,17.7,5.3
text_090.txt,29.53,ChaCha20,27.0,14.3
text_090.txt,29.53,Camellia,39.4,13.9
text_091.txt,29.86,AES,25.7,22.2
text_091.txt,29.86,3DES,17.3,18.9
text_091.txt,29.86,ChaCha20,3.8,15.9
text_091.txt,29.86,Camellia,5.3,22.1
text_092.txt,30.18,AES,4.2,14.3
text_092.txt,30.18,3DES,2.8,14.9
text_092.txt,30.18,ChaCha20,41.7,17.9
text_092.txt,30.18,Camellia,20.2,5.4
text_093.txt,30.51,AES,38.5,9.0
text_093.txt,30.51,3DES,15.1,2.7
text_093.txt,30.51,ChaCha20,12.3,0
text_093.txt,30.51,Camellia,10.0,11.5
text_094.txt,30.84,AES,0,20.8
text_094.txt,30.84,3DES,22.4,3.8
text_094.txt,30.84,ChaCha20,10.4,22.4
text_094.txt,30.84,Camellia,9.4,3.6
text_095.txt,31.17,AES,14.3,20.8
text_095.txt,31.17,3DES,19.2,0
text_095.txt,31.17,ChaCha20,9.2,5.9
text_095.txt,31.17,Camellia,6.8,6.0
text_096.txt,31.50,AES,0,17.6
text_096.txt,31.50,3DES,6.7,8.9
text_096.txt,31.50,ChaCha20,11.2,20.0
text_096.txt,31.50,Camellia,7.1,0
text_097.txt,31.82,AES,13.7,10.4
text_097.txt,31.82,3DES,12.5,4.7
text_097.txt,31.82,ChaCha20,13.1,7.1
text_097.txt,31.82,Camellia,20.5,4.2
text_098.txt,32.15,AES,4.2,8.3
text_098.txt,32.15,3DES,0,36.9
text_098.txt,32.15,ChaCha20,12.9,28.2
text_098.txt,32.15,Camellia,19.8,11.4
text_099.txt,32.48,AES,9.7,8.2
text_099.txt,32.48,3DES,7.9,6.6
text_099.txt,32.48,ChaCha20,15.1,6.5
text_099.txt,32.48,Camellia,7.7,5.3
text_100.txt,32.81,AES,16.7,1.2
text_100.txt,32.81,3DES,13.8,3.8
text_100.txt,32.81,ChaCha20,15.3,2.8
text_100.txt,32.81,Camellia,0,15.3
